UID,SITE,FID_fishnet_lap_201807_site04,TotalFishnetArea_1,Area_ha_drone,Area_ha_CONABIO,Area_ha_GMW,Area_ha_dCONABIO,Area_ha_dGMW,Area_ha_union_dCONABIO,Area_ha_union_dGMW
1,lap_201807_site04,4.000,0.819,0.112,0.299,0.299,0.105,0.105,0.306312397,0.306312397
2,lap_201807_site04,5.000,0.600,0.060,0.181,0.181,0.060,0.060,0.181049276,0.181049276
3,lap_201807_site04,9.000,1.000,0.042,0.100,0.100,0.028,0.028,0.114088182,0.114088182
4,lap_201807_site04,10.000,1.000,0.208,0.531,0.576,0.207,0.207,0.532345426,0.577351355
5,lap_201807_site04,11.000,0.741,0.070,0.189,0.190,0.064,0.064,0.195239742,0.195978237
6,lap_201807_site04,14.000,1.000,0.145,0.340,0.355,0.111,0.111,0.374134339,0.388795653
7,lap_201807_site04,15.000,1.000,0.459,0.857,0.898,0.453,0.454,0.862612939,0.903375043
8,lap_201807_site04,16.000,1.000,0.531,0.815,0.853,0.453,0.531,0.816055428,0.852947684
9,lap_201807_site04,17.000,0.581,0.000,0.005,0.005,0.000,0.000,0.004736869,0.004781205
10,lap_201807_site04,20.000,0.949,0.209,0.020,0.199,0.016,0.151,0.212705424,0.256648841
11,lap_201807_site04,21.000,1.000,0.275,0.355,0.499,0.186,0.254,0.443707684,0.520019968
12,lap_201807_site04,22.000,1.000,0.177,0.216,0.328,0.153,0.168,0.240876391,0.336706504
13,lap_201807_site04,7.000,0.329,0.010,0.000,0.000,0.000,0.000,0.009734785,0.009734785
14,lap_201807_site04,13.000,0.582,0.060,0.000,0.000,0.000,0.000,0.060417829,0.060417829
15,lap_201807_site06,1.000,0.234,0.006,0.007,0.007,0.001,0.001,0.011,0.01139526
16,lap_201807_site06,2.000,0.722,0.348,0.438,0.554,0.317,0.343,0.469,0.557958281
17,lap_201807_site06,3.000,0.878,0.256,0.424,0.463,0.256,0.256,0.424,0.463464863
18,lap_201807_site06,6.000,0.896,0.031,0.000,0.000,0.000,0.000,0.031,0.030933885
19,lap_201807_site06,7.000,1.000,0.497,0.566,0.612,0.465,0.477,0.599,0.632024893
20,lap_201807_site06,8.000,1.000,0.765,0.984,0.991,0.763,0.765,0.986,0.990651593
21,lap_201807_site06,9.000,1.000,0.151,0.289,0.366,0.137,0.148,0.303,0.36859916
22,lap_201807_site06,13.000,1.000,0.723,0.836,0.939,0.722,0.723,0.838,0.938745669
23,lap_201807_site06,14.000,1.000,0.092,0.109,0.380,0.044,0.078,0.156,0.393756414
24,lap_201807_site06,17.000,0.884,0.000,0.054,0.054,0.000,0.000,0.054,0.054190328
25,lap_201807_site06,18.000,1.000,0.363,0.787,0.860,0.361,0.361,0.790,0.861933174
26,lap_201807_site06,19.000,0.906,0.218,0.305,0.474,0.163,0.187,0.361,0.505085632
27,lap_201807_site06,22.000,0.249,0.061,0.063,0.108,0.041,0.061,0.083,0.108448611
28,lap_201807_site06,23.000,0.426,0.090,0.154,0.246,0.079,0.090,0.165,0.246205817
29,lap_201807_site06,24.000,0.091,0.035,0.047,0.047,0.020,0.020,0.061,0.061255951
30,lap_201807_site06,12.000,1.000,0.000,0.000,0.030,0.000,0.000,0.000,0.029510876
31,psc_201805_site01,3.000,0.924,0.027,0.092,0.333,0.020,0.021,0.098955868,0.339474364
32,psc_201805_site01,4.000,0.744,0.000,0.005,0.048,0.000,0.000,0.005155784,0.047834982
33,psc_201805_site01,7.000,1.000,0.269,0.377,0.512,0.263,0.267,0.382713878,0.514647518
34,psc_201805_site01,8.000,1.000,0.937,0.981,0.999,0.929,0.937,0.989199515,0.999405428
35,psc_201805_site01,9.000,0.994,0.055,0.141,0.266,0.050,0.051,0.145185653,0.270206155
36,psc_201805_site01,12.000,1.000,0.514,0.727,0.809,0.503,0.509,0.73748072,0.813830547
37,psc_201805_site01,13.000,1.000,0.877,0.847,0.988,0.833,0.877,0.89118695,0.988418377
38,psc_201805_site01,14.000,1.000,0.063,0.037,0.237,0.026,0.058,0.074372625,0.241636979
39,psc_201805_site01,15.000,0.251,0.022,0.033,0.071,0.018,0.022,0.036335095,0.070924379
40,psc_201805_site01,17.000,1.000,0.166,0.159,0.460,0.067,0.107,0.257979238,0.518588435
41,psc_201805_site01,18.000,1.000,0.416,0.311,0.549,0.304,0.402,0.423347585,0.563707367
42,psc_201805_site01,22.000,0.358,0.139,0.171,0.198,0.139,0.139,0.171417046,0.197861561
43,psc_201805_site01,23.000,0.454,0.376,0.328,0.434,0.307,0.373,0.39736178,0.437419177
44,psc_201805_site01,2.000,0.639,0.056,0.000,0.034,0.000,0.002,0.055828316,0.087493759
45,psc_201805_site01,6.000,0.553,0.000,0.000,0.025,0.000,0.000,0,0.025471782
46,psc_201805_site01,10.000,0.063,0.000,0.000,0.020,0.000,0.000,0,0.020165145
47,psc_201805_site01,11.000,0.869,0.000,0.000,0.020,0.000,0.000,0,0.019900566
48,psc_201805_site01,16.000,0.704,0.016,0.000,0.001,0.000,0.000,0.01613726,0.016894109
49,psc_201805_site01,19.000,1.000,0.000,0.000,0.008,0.000,0.000,0,0.007728255
50,psc_201805_site01,20.000,0.413,0.000,0.000,0.002,0.000,0.000,0,0.002164826
51,psc_201805_site01,24.000,0.445,0.016,0.000,0.000,0.000,0.000,0.016313388,0.0165024
52,psc_201805_site08,7.000,0.915,0.106,0.070,0.264,0.066,0.106,0.110246685,0.2643395
53,psc_201805_site08,8.000,0.787,0.169,0.189,0.436,0.141,0.169,0.217195771,0.435901
54,psc_201805_site08,9.000,0.511,0.253,0.245,0.399,0.226,0.249,0.271700449,0.402090699
55,psc_201805_site08,16.000,0.341,0.010,0.004,0.014,0.004,0.008,0.009923898,0.015880687
56,psc_201805_site08,17.000,0.976,0.393,0.344,0.651,0.321,0.390,0.415995556,0.653822151
57,psc_201805_site08,18.000,1.000,0.271,0.326,0.812,0.205,0.271,0.391433184,0.811505412
58,psc_201805_site08,19.000,1.000,1.000,0.999,1.000,0.999,1.000,0.999930817,1
59,psc_201805_site08,20.000,1.000,0.870,0.917,0.968,0.869,0.870,0.917372775,0.967789029
60,psc_201805_site08,21.000,0.998,0.082,0.094,0.216,0.077,0.079,0.099306784,0.218159848
61,psc_201805_site08,28.000,0.893,0.258,0.277,0.439,0.222,0.258,0.313739696,0.438782519
62,psc_201805_site08,29.000,1.000,0.933,1.000,1.000,0.933,0.933,1,1
63,psc_201805_site08,30.000,1.000,0.790,0.799,1.000,0.718,0.790,0.871738317,1
64,psc_201805_site08,31.000,1.000,1.000,1.000,1.000,1.000,1.000,1,1
65,psc_201805_site08,32.000,1.000,0.571,0.588,0.865,0.560,0.571,0.598397934,0.865185092
66,psc_201805_site08,40.000,0.696,0.156,0.152,0.216,0.123,0.152,0.185872128,0.220966686
67,psc_201805_site08,41.000,1.000,0.966,0.984,1.000,0.961,0.966,0.988995631,1
68,psc_201805_site08,42.000,1.000,0.991,1.000,1.000,0.991,0.991,1,1
69,psc_201805_site08,43.000,1.000,0.979,1.000,1.000,0.979,0.979,1,1
70,psc_201805_site08,44.000,1.000,0.489,0.527,0.745,0.483,0.489,0.532079863,0.744910187
71,psc_201805_site08,53.000,0.999,0.495,0.553,0.752,0.459,0.488,0.589642449,0.759363362
72,psc_201805_site08,54.000,1.000,0.991,1.000,1.000,0.991,0.991,1,1
73,psc_201805_site08,55.000,1.000,0.928,1.000,1.000,0.928,0.928,1,1
74,psc_201805_site08,56.000,1.000,0.196,0.209,0.666,0.179,0.196,0.226263402,0.666457313
75,psc_201805_site08,62.000,0.909,0.135,0.136,0.278,0.093,0.127,0.177060591,0.285100095
76,psc_201805_site08,63.000,0.682,0.142,0.094,0.282,0.066,0.140,0.169062136,0.284077402
77,psc_201805_site08,65.000,0.999,0.355,0.480,0.665,0.343,0.354,0.49165398,0.665656583
78,psc_201805_site08,66.000,1.000,0.979,1.000,1.000,0.979,0.979,1,1
79,psc_201805_site08,67.000,1.000,0.999,1.000,1.000,0.999,0.999,1,1
80,psc_201805_site08,68.000,1.000,0.916,0.918,0.997,0.908,0.916,0.926315272,0.996755021
81,psc_201805_site08,69.000,0.933,0.012,0.038,0.249,0.011,0.012,0.039258729,0.248900715
82,psc_201805_site08,74.000,1.000,0.621,0.734,0.944,0.616,0.621,0.739212397,0.943685041
83,psc_201805_site08,75.000,1.000,0.265,0.222,0.522,0.129,0.255,0.358508748,0.531365575
84,psc_201805_site08,76.000,0.988,0.101,0.156,0.365,0.090,0.101,0.166435287,0.365031049
85,psc_201805_site08,77.000,1.000,0.735,0.915,1.000,0.731,0.735,0.919155012,0.999569309
86,psc_201805_site08,78.000,1.000,0.918,1.000,1.000,0.918,0.918,1,1
87,psc_201805_site08,79.000,1.000,0.999,1.000,1.000,0.999,0.999,1,1
88,psc_201805_site08,80.000,1.000,0.836,0.882,1.000,0.835,0.836,0.88246083,1
89,psc_201805_site08,81.000,0.936,0.000,0.003,0.274,0.000,0.000,0.002577909,0.274155739
90,psc_201805_site08,85.000,0.864,0.195,0.358,0.456,0.161,0.175,0.392390484,0.475750662
91,psc_201805_site08,86.000,1.000,0.884,0.981,1.000,0.873,0.884,0.991858996,1
92,psc_201805_site08,87.000,1.000,0.779,0.755,0.991,0.681,0.779,0.853233369,0.990592322
93,psc_201805_site08,88.000,1.000,0.790,0.855,0.934,0.779,0.787,0.864802343,0.935834819
94,psc_201805_site08,89.000,1.000,0.995,1.000,1.000,0.995,0.995,1,1
95,psc_201805_site08,90.000,1.000,0.999,1.000,1.000,0.999,0.999,1,1
96,psc_201805_site08,91.000,1.000,1.000,1.000,1.000,1.000,1.000,1,1
97,psc_201805_site08,92.000,1.000,0.644,0.710,0.966,0.644,0.644,0.709803333,0.965953622
98,psc_201805_site08,97.000,0.842,0.009,0.100,0.125,0.009,0.009,0.100262359,0.124622393
99,psc_201805_site08,98.000,1.000,0.635,0.948,0.969,0.635,0.635,0.948410864,0.969082397
100,psc_201805_site08,99.000,1.000,0.866,1.000,1.000,0.866,0.866,1,1
101,psc_201805_site08,100.000,1.000,0.999,1.000,1.000,0.999,0.999,1,1
102,psc_201805_site08,101.000,1.000,0.998,1.000,1.000,0.998,0.998,1,1
103,psc_201805_site08,102.000,1.000,0.971,1.000,1.000,0.971,0.971,1,1
104,psc_201805_site08,103.000,1.000,0.750,0.938,1.000,0.746,0.750,0.941938382,1
105,psc_201805_site08,104.000,1.000,0.549,0.651,1.000,0.547,0.549,0.652759669,1
106,psc_201805_site08,105.000,1.000,0.794,0.850,0.961,0.788,0.794,0.855893144,0.960572439
107,psc_201805_site08,106.000,1.000,0.617,0.608,0.794,0.590,0.617,0.635237902,0.79446362
108,psc_201805_site08,107.000,0.869,0.487,0.700,0.807,0.482,0.485,0.70509742,0.809171822
109,psc_201805_site08,108.000,0.067,0.002,0.009,0.009,0.002,0.002,0.009041738,0.009041738
110,psc_201805_site08,109.000,0.422,0.000,0.000,0.000,0.000,0.000,1.94378E-05,1.94378E-05
111,psc_201805_site08,110.000,1.000,0.552,0.922,0.927,0.551,0.551,0.922619178,0.92825636
112,psc_201805_site08,111.000,1.000,0.682,1.000,1.000,0.682,0.682,1,1
113,psc_201805_site08,112.000,1.000,0.990,1.000,1.000,0.990,0.990,1,1
114,psc_201805_site08,113.000,1.000,0.993,1.000,1.000,0.993,0.993,1,1
115,psc_201805_site08,114.000,1.000,0.995,1.000,1.000,0.995,0.995,1,1
116,psc_201805_site08,115.000,1.000,0.883,1.000,1.000,0.883,0.883,1,1
117,psc_201805_site08,116.000,1.000,0.997,1.000,1.000,0.997,0.997,1,1
118,psc_201805_site08,117.000,1.000,0.673,0.705,0.750,0.665,0.671,0.713251725,0.751929814
119,psc_201805_site08,118.000,0.999,0.201,0.253,0.263,0.198,0.198,0.255497075,0.266162486
120,psc_201805_site08,119.000,0.509,0.003,0.038,0.039,0.003,0.003,0.038338163,0.039008529
121,psc_201805_site08,122.000,0.909,0.036,0.184,0.248,0.036,0.036,0.183806052,0.24768791
122,psc_201805_site08,123.000,1.000,0.797,0.898,0.908,0.797,0.797,0.897865092,0.907855789
123,psc_201805_site08,124.000,1.000,0.998,1.000,1.000,0.998,0.998,1,1
124,psc_201805_site08,125.000,1.000,0.961,1.000,1.000,0.961,0.961,1,1
125,psc_201805_site08,126.000,1.000,0.902,1.000,1.000,0.902,0.902,1,1
126,psc_201805_site08,127.000,1.000,0.946,0.983,1.000,0.945,0.946,0.983607308,1
127,psc_201805_site08,128.000,1.000,0.364,0.413,0.569,0.360,0.364,0.416900014,0.569070082
128,psc_201805_site08,129.000,0.837,0.002,0.007,0.007,0.002,0.002,0.006668589,0.006668589
129,psc_201805_site08,134.000,0.271,0.000,0.002,0.052,0.000,0.000,0.001910757,0.052094041
130,psc_201805_site08,135.000,0.992,0.492,0.719,0.801,0.464,0.485,0.746884609,0.807908451
131,psc_201805_site08,136.000,1.000,0.732,1.000,1.000,0.732,0.732,1,1
132,psc_201805_site08,137.000,1.000,0.803,1.000,1.000,0.803,0.803,1,1
133,psc_201805_site08,138.000,1.000,0.836,0.977,0.977,0.834,0.835,0.978031735,0.978320262
134,psc_201805_site08,139.000,0.989,0.324,0.313,0.412,0.270,0.280,0.366104204,0.455989423
135,psc_201805_site08,147.000,0.532,0.307,0.440,0.532,0.307,0.307,0.440457096,0.532055523
136,psc_201805_site08,148.000,1.000,0.974,1.000,1.000,0.974,0.974,1,1
137,psc_201805_site08,149.000,1.000,0.938,0.998,1.000,0.938,0.938,0.997753712,1
138,psc_201805_site08,150.000,0.970,0.346,0.380,0.719,0.239,0.292,0.487112469,0.773425697
139,psc_201805_site08,159.000,0.016,0.000,0.014,0.016,0.000,0.000,0.014364254,0.016474775
140,psc_201805_site08,160.000,0.756,0.461,0.647,0.684,0.455,0.460,0.65296747,0.685445999
141,psc_201805_site08,161.000,0.929,0.277,0.244,0.636,0.190,0.258,0.330679873,0.655518183
142,psc_201805_site08,6.000,0.558,0.000,0.000,0.047,0.000,0.000,0,0.047043497
143,psc_201805_site08,52.000,0.188,0.000,0.000,0.001,0.000,0.000,0,0.000731352
144,psc_201805_site08,73.000,0.677,0.008,0.000,0.135,0.000,0.008,0.007929401,0.134965202
145,psc_201805_site08,93.000,0.975,0.183,0.000,0.256,0.000,0.006,0.18252068,0.43291927
146,psc_201805_site08,94.000,0.734,0.044,0.000,0.033,0.000,0.000,0.044499138,0.076960226
147,psc_201805_site08,95.000,0.147,0.000,0.000,0.005,0.000,0.000,0,0.004905295
148,psc_201805_site08,121.000,0.041,0.000,0.000,0.006,0.000,0.000,0,0.006362984
149,psc_201805_site08,140.000,0.394,0.001,0.000,0.019,0.000,0.000,0.001090691,0.019769075
150,psc_201805_site08,151.000,0.318,0.102,0.000,0.258,0.000,0.000,0.101654424,0.272685209
151,psc_201805_site08,162.000,0.242,0.046,0.000,0.158,0.000,0.043,0.65296747,0.161456816
152,psc_2018_05_site12,10.000,0.824,0.000,0.406,0.666,0.000,0.000,0.406,0.666
153,psc_2018_05_site12,11.000,1.000,0.000,0.585,0.971,0.000,0.000,0.585,0.971
154,psc_2018_05_site12,12.000,1.000,0.000,0.196,0.899,0.000,0.000,0.196,0.899
155,psc_2018_05_site12,16.000,0.476,0.107,0.135,0.284,0.087,0.106,0.154,0.286
156,psc_2018_05_site12,17.000,1.000,0.182,0.494,0.820,0.179,0.182,0.498,0.820
157,psc_2018_05_site12,18.000,1.000,0.029,0.793,0.990,0.024,0.029,0.798,0.990
158,psc_2018_05_site12,19.000,1.000,0.000,0.230,0.506,0.000,0.000,0.230,0.506
159,psc_2018_05_site12,23.000,0.966,0.215,0.299,0.378,0.199,0.215,0.315,0.378
160,psc_2018_05_site12,24.000,1.000,0.902,0.945,1.000,0.866,0.902,0.980,1.000
161,psc_2018_05_site12,25.000,1.000,0.102,0.018,0.323,0.018,0.102,0.102,0.323
162,psc_2018_05_site12,30.000,1.000,0.650,0.723,0.885,0.612,0.650,0.761,0.885
163,psc_2018_05_site12,31.000,1.000,0.896,0.750,0.935,0.736,0.891,0.911,0.940
164,psc_2018_05_site12,32.000,0.974,0.036,0.002,0.084,0.002,0.034,0.036,0.085
165,psc_2018_05_site12,36.000,0.737,0.019,0.064,0.261,0.019,0.019,0.064,0.261
166,psc_2018_05_site12,37.000,1.000,0.710,0.666,0.886,0.526,0.698,0.850,0.898
167,psc_2018_05_site12,43.000,0.893,0.205,0.218,0.353,0.137,0.202,0.286,0.356
168,psc_2018_05_site12,44.000,0.998,0.206,0.079,0.216,0.056,0.167,0.229,0.256
169,psc_2018_05_site12,3.000,0.220,0.000,0.000,0.074,0.000,0.000,0.000,0.074
170,psc_2018_05_site12,4.000,0.848,0.000,0.000,0.119,0.000,0.000,0.000,0.119
171,psc_2018_05_site12,5.000,0.754,0.000,0.000,0.094,0.000,0.000,0.000,0.094
172,psc_2018_05_site12,6.000,0.668,0.000,0.000,0.114,0.000,0.000,0.000,0.114
173,psc_2018_05_site12,13.000,0.969,0.000,0.000,0.280,0.000,0.000,0.000,0.280
174,psc_2018_05_site12,26.000,0.798,0.000,0.000,0.001,0.000,0.000,0.000,0.001
175,psc_2018_05_site12,27.000,0.023,0.000,0.000,0.002,0.000,0.000,0.000,0.002
176,psc_2018_05_site12,29.000,0.453,0.000,0.000,0.039,0.000,0.000,0.000,0.039
177,psc_2018_05_site12,38.000,0.991,0.030,0.000,0.047,0.000,0.007,0.030,0.070
178,psc_2018_05_site12,50.000,0.301,0.013,0.000,0.204,0.000,0.013,0.013,0.204
179,psc_2018_05_site12,51.000,0.306,0.000,0.000,0.032,0.000,0.000,0.000,0.032
180,lap_201807_site05,2.000,0.910,0.243,0.428,0.489,0.212,0.222,0.458661879,0.509
181,lap_201807_site05,3.000,0.763,0.075,0.735,0.735,0.075,0.075,0.735277325,0.735
182,lap_201807_site05,4.000,0.208,0.000,0.070,0.070,0.000,0.000,0.070349345,0.070
183,lap_201807_site05,7.000,1.000,0.628,0.713,0.713,0.628,0.628,0.713619816,0.714
184,lap_201807_site05,8.000,1.000,0.872,1.000,1.000,0.872,0.872,0.999999614,1.000
185,lap_201807_site05,9.000,0.778,0.249,0.606,0.628,0.249,0.249,0.605748562,0.628
186,lap_201807_site05,12.000,1.000,0.162,0.162,0.248,0.110,0.159,0.21421736,0.252
187,lap_201807_site05,13.000,1.000,0.867,0.923,0.958,0.832,0.857,0.958210052,0.968
188,lap_201807_site05,14.000,0.891,0.475,0.738,0.793,0.475,0.475,0.738317751,0.793
189,lap_201807_site05,18.000,1.000,0.253,0.146,0.232,0.087,0.157,0.312006186,0.328
190,lap_201807_site05,19.000,0.734,0.124,0.108,0.188,0.096,0.105,0.13524151,0.207
191,lap_201807_site05,11.000,0.778,0.031,0.000,0.171,0.000,0.017,0.03090335,0.185
192,lap_201807_site05,16.000,0.396,0.011,0.000,0.000,0.000,0.000,0.01091728,0.011
193,lap_201807_site05,17.000,1.000,0.150,0.000,0.000,0.000,0.000,0.150206373,0.150
194,psc_201805_site_09,1.000,1.000,0.209,0.204,0.337,0.175,0.193,0.237545337,0.352996069
195,psc_201805_site_09,2.000,1.000,0.270,0.243,0.426,0.221,0.265,0.291970496,0.431007673
196,psc_201805_site_09,4.000,1.000,0.180,0.277,0.366,0.149,0.165,0.308006774,0.381148592
197,psc_201805_site_09,5.000,1.000,0.891,0.736,0.972,0.726,0.890,0.900764,0.97233211
198,psc_201805_site_09,6.000,1.000,0.007,0.000,0.059,0.000,0.004,0.006979752,0.062552089
199,psc_201805_site_09,7.000,1.000,0.103,0.134,0.284,0.050,0.083,0.187288675,0.303727286
200,psc_201805_site_09,8.000,1.000,0.902,0.832,0.970,0.806,0.889,0.927687086,0.983003235
201,psc_201805_site_09,9.000,1.000,0.000,0.000,0.122,0.000,0.000,7.92823E-05,0.122139759
202,psc_201805_site_09,10.000,1.000,0.198,0.316,0.367,0.173,0.173,0.341211578,0.392555761
203,psc_201805_site_09,11.000,1.000,0.916,0.876,1.000,0.851,0.916,0.941302445,1
204,psc_201805_site_09,12.000,1.000,0.013,0.000,0.175,0.000,0.013,0.013235819,0.174995143
205,psc_201805_site_09,13.000,1.000,0.074,0.097,0.108,0.070,0.070,0.101759424,0.112642698
206,psc_201805_site_09,14.000,1.000,0.878,0.755,0.960,0.751,0.877,0.881520196,0.960610015
207,psc_201805_site_09,15.000,1.000,0.005,0.000,0.095,0.000,0.005,0.004889167,0.095384297
208,psc_201805_site_09,17.000,1.000,0.248,0.074,0.709,0.070,0.243,0.251016229,0.714015068
209,psc_201805_site_09,18.000,1.000,0.007,0.000,0.013,0.000,0.001,0.007265214,0.018941707
210,psc_201805_site_09,20.000,1.000,0.017,0.000,0.004,0.000,0.000,0.017403269,0.021524489
211,psc_201805_site_09,21.000,0.000,0.000,0.000,0.000,0.000,0.000,0.000152864,0.000152864
212,psc_201807_site08,8.000,0.049,0.049,0.049,0.049,0.049,0.049,0.048780126,0.048780126
213,psc_201807_site08,9.000,0.208,0.208,0.208,0.208,0.208,0.208,0.208215855,0.208215855
214,psc_201807_site08,10.000,0.370,0.216,0.370,0.370,0.216,0.216,0.370441702,0.370441702
215,psc_201807_site08,11.000,0.549,0.438,0.549,0.549,0.438,0.438,0.548806292,0.548806292
216,psc_201807_site08,12.000,0.723,0.637,0.723,0.723,0.637,0.637,0.722684826,0.722684826
217,psc_201807_site08,13.000,0.903,0.633,0.662,0.892,0.555,0.555,0.739985378,0.892191661
218,psc_201807_site08,19.000,0.593,0.034,0.083,0.495,0.019,0.019,0.097729721,0.494977961
219,psc_201807_site08,20.000,0.723,0.171,0.396,0.723,0.129,0.129,0.43808734,0.722798412
220,psc_201807_site08,21.000,0.888,0.668,0.881,0.888,0.665,0.665,0.883669953,0.887660347
221,psc_201807_site08,22.000,0.996,0.948,0.996,0.996,0.948,0.948,0.995909047,0.995909047
222,psc_201807_site08,23.000,1.000,0.893,1.000,1.000,0.893,0.893,1,1
223,psc_201807_site08,24.000,1.000,0.679,1.000,1.000,0.679,0.679,1.000000198,1.000000198
224,psc_201807_site08,25.000,1.000,0.810,1.000,1.000,0.810,0.810,1,1
225,psc_201807_site08,26.000,1.000,0.920,0.998,1.000,0.918,0.918,1,1
226,psc_201807_site08,27.000,1.000,0.362,0.242,0.546,0.242,0.242,0.362325814,0.549022797
227,psc_201807_site08,32.000,0.994,0.006,0.004,0.453,0.002,0.002,0.007554571,0.453115599
228,psc_201807_site08,33.000,1.000,0.632,0.684,0.981,0.609,0.609,0.708009193,0.981076768
229,psc_201807_site08,34.000,1.000,0.776,0.952,1.000,0.766,0.766,0.962134726,1
230,psc_201807_site08,35.000,1.000,0.950,1.000,1.000,0.950,0.950,1,1
231,psc_201807_site08,36.000,1.000,0.953,1.000,1.000,0.953,0.953,1,1
232,psc_201807_site08,37.000,1.000,0.891,0.968,1.000,0.885,0.885,0.975060722,1
233,psc_201807_site08,38.000,1.000,0.660,0.802,1.000,0.648,0.648,0.813925105,1
234,psc_201807_site08,39.000,1.000,0.789,0.988,1.000,0.789,0.789,0.987842902,1
235,psc_201807_site08,40.000,1.000,0.575,0.707,0.913,0.508,0.508,0.774061757,0.913075591
236,psc_201807_site08,45.000,0.807,0.108,0.150,0.548,0.098,0.098,0.159779242,0.547776858
237,psc_201807_site08,46.000,1.000,0.762,0.930,0.999,0.750,0.750,0.9424038,0.999444987
238,psc_201807_site08,47.000,1.000,0.589,0.680,0.888,0.522,0.522,0.746456056,0.896313224
239,psc_201807_site08,48.000,1.000,0.282,0.260,0.784,0.212,0.212,0.329496669,0.783977017
240,psc_201807_site08,49.000,1.000,0.904,0.991,1.000,0.903,0.903,0.992026627,1
241,psc_201807_site08,50.000,1.000,0.944,1.000,1.000,0.944,0.944,1,1
242,psc_201807_site08,51.000,1.000,0.752,0.785,1.000,0.731,0.731,0.805419948,1
243,psc_201807_site08,52.000,1.000,0.942,0.998,1.000,0.942,0.942,0.997965196,1
244,psc_201807_site08,53.000,1.000,1.000,0.996,1.000,0.996,0.996,1,1
245,psc_201807_site08,54.000,1.000,0.383,0.259,0.394,0.259,0.259,0.383476968,0.420184751
246,psc_201807_site08,58.000,0.393,0.032,0.022,0.202,0.022,0.022,0.031826486,0.202062619
247,psc_201807_site08,59.000,0.998,0.683,0.824,0.998,0.669,0.669,0.838267412,0.998225295
248,psc_201807_site08,60.000,1.000,0.637,1.000,1.000,0.637,0.637,1,1
249,psc_201807_site08,61.000,1.000,0.483,0.543,0.772,0.425,0.425,0.600624829,0.772294902
250,psc_201807_site08,62.000,1.000,0.468,0.594,0.989,0.410,0.410,0.651814181,0.990786356
251,psc_201807_site08,63.000,1.000,0.741,0.915,1.000,0.741,0.741,0.915662894,1
252,psc_201807_site08,64.000,1.000,0.850,1.000,1.000,0.850,0.850,1,1
253,psc_201807_site08,65.000,1.000,0.690,0.692,1.000,0.648,0.648,0.733557514,1
254,psc_201807_site08,66.000,1.000,0.565,0.915,1.000,0.546,0.546,0.933448341,1
255,psc_201807_site08,67.000,1.000,0.758,0.735,0.900,0.657,0.657,0.835721266,0.90158251
256,psc_201807_site08,72.000,0.890,0.240,0.372,0.739,0.225,0.225,0.386991092,0.738686151
257,psc_201807_site08,73.000,1.000,0.879,1.000,1.000,0.879,0.879,1,1
258,psc_201807_site08,74.000,1.000,0.648,1.000,1.000,0.648,0.648,1.000001188,1.000001188
259,psc_201807_site08,75.000,1.000,0.338,0.243,0.770,0.216,0.216,0.364542665,0.778174254
260,psc_201807_site08,76.000,1.000,0.727,0.722,1.000,0.685,0.685,0.76403803,1
261,psc_201807_site08,77.000,1.000,0.993,1.000,1.000,0.993,0.993,1,1
262,psc_201807_site08,78.000,1.000,0.741,0.982,1.000,0.740,0.740,0.98259629,1
263,psc_201807_site08,79.000,1.000,0.529,0.600,0.945,0.443,0.443,0.685533433,0.94696467
264,psc_201807_site08,80.000,1.000,0.296,0.311,0.448,0.216,0.216,0.390987064,0.481836943
265,psc_201807_site08,81.000,0.992,0.167,0.137,0.422,0.127,0.127,0.177145797,0.425127822
266,psc_201807_site08,82.000,0.169,0.000,0.002,0.110,0.000,0.000,0.001917228,0.109619068
267,psc_201807_site08,85.000,0.829,0.005,0.051,0.336,0.005,0.005,0.051331315,0.335574855
268,psc_201807_site08,86.000,1.000,0.232,0.335,0.805,0.209,0.209,0.357916459,0.805465648
269,psc_201807_site08,87.000,1.000,0.961,1.000,1.000,0.961,0.961,1,1
270,psc_201807_site08,88.000,1.000,0.703,1.000,1.000,0.703,0.703,0.999998812,0.999998812
271,psc_201807_site08,89.000,1.000,0.783,0.898,1.000,0.753,0.753,0.927832988,1
272,psc_201807_site08,90.000,1.000,0.625,0.507,1.000,0.423,0.423,0.708455558,1
273,psc_201807_site08,91.000,0.999,0.644,0.485,0.999,0.485,0.485,0.644430704,0.999374578
274,psc_201807_site08,92.000,0.886,0.813,0.728,0.873,0.728,0.728,0.813477744,0.873777341
275,psc_201807_site08,93.000,0.717,0.610,0.538,0.618,0.512,0.512,0.635440926,0.659363969
276,psc_201807_site08,95.000,0.267,0.066,0.069,0.215,0.053,0.053,0.08207435,0.215432958
277,psc_201807_site08,99.000,0.715,0.019,0.089,0.208,0.011,0.011,0.09656196,0.207565988
278,psc_201807_site08,100.000,1.000,0.830,0.913,1.000,0.829,0.829,0.914397791,1.00000087
279,psc_201807_site08,101.000,0.996,0.948,0.996,0.996,0.948,0.948,0.996173318,0.996173318
280,psc_201807_site08,102.000,0.870,0.863,0.870,0.870,0.863,0.863,0.869575284,0.869575284
281,psc_201807_site08,103.000,0.716,0.406,0.716,0.716,0.406,0.406,0.716064227,0.716064227
282,psc_201807_site08,104.000,0.519,0.410,0.519,0.519,0.410,0.410,0.51881683,0.51881683
283,psc_201807_site08,105.000,0.119,0.106,0.103,0.119,0.103,0.103,0.105650215,0.118905778
284,psc_201807_site08,114.000,0.216,0.150,0.171,0.216,0.149,0.149,0.171510116,0.216208289
285,psc_201807_site08,115.000,0.055,0.045,0.055,0.055,0.045,0.045,0.054694166,0.054694166
286,psc_201807_site08,14.000,0.096,0.000,0.000,0.054,0.000,0.000,0.000498786,0.05368023
287,psc_201807_site08,18.000,0.326,0.000,0.000,0.094,0.000,0.000,0,0.093836446
288,psc_201807_site08,31.000,0.265,0.000,0.000,0.000,0.000,0.000,0,6.97188E-05
289,psc_201807_site08,41.000,0.846,0.008,0.000,0.076,0.000,0.000,0.007871408,0.075821629
290,psc_201807_site08,68.000,0.768,0.008,0.000,0.084,0.000,0.000,0.008448256,0.086160593
291,psc_201807_site08,71.000,0.057,0.000,0.000,0.010,0.000,0.000,0,0.010272126
292,psc_201807_site08,94.000,0.548,0.017,0.000,0.006,0.000,0.000,0.016908384,0.022479497
293,psc_201807_site08,113.000,0.135,0.000,0.000,0.064,0.000,0.000,0,0.063961032
294,psc_201807_site10,1.000,0.084,0.048,0.047,0.078,0.042,0.048,0.053628664,0.078
295,psc_201807_site10,2.000,0.616,0.267,0.261,0.376,0.232,0.264,0.29570895,0.379
296,psc_201807_site10,3.000,0.795,0.136,0.205,0.311,0.134,0.136,0.207653321,0.311
297,psc_201807_site10,4.000,0.397,0.339,0.397,0.397,0.339,0.339,0.397330857,0.397
298,psc_201807_site10,5.000,0.195,0.143,0.154,0.195,0.138,0.143,0.159364525,0.195
299,psc_201807_site10,7.000,0.640,0.040,0.041,0.111,0.024,0.038,0.057102477,0.114
300,psc_201807_site10,8.000,1.000,0.429,0.685,0.986,0.412,0.429,0.701527535,0.986
301,psc_201807_site10,9.000,1.000,0.673,0.942,0.995,0.670,0.673,0.944260045,0.995
302,psc_201807_site10,10.000,1.000,0.598,0.647,0.877,0.537,0.596,0.707259769,0.879
303,psc_201807_site10,11.000,0.908,0.252,0.066,0.616,0.065,0.251,0.252485491,0.617
304,psc_201807_site10,13.000,0.921,0.016,0.072,0.078,0.012,0.012,0.076541655,0.083
305,psc_201807_site10,14.000,1.000,0.624,1.000,1.000,0.624,0.624,1.000000109,1.000
306,psc_201807_site10,15.000,1.000,0.663,0.815,1.000,0.591,0.663,0.887409358,1.000
307,psc_201807_site10,16.000,1.000,1.000,0.029,0.324,0.023,0.088,0.106553333,0.336
308,psc_201807_site10,19.000,0.867,0.051,0.072,0.087,0.041,0.044,0.081730709,0.094
309,psc_201807_site10,20.000,1.000,0.833,0.977,1.000,0.819,0.833,0.990928868,1.000
310,psc_201807_site10,21.000,1.000,0.561,0.757,0.976,0.496,0.559,0.822682059,0.978
311,psc_201807_site10,26.000,1.000,0.807,0.610,0.962,0.543,0.802,0.873887403,0.966
312,psc_201807_site10,27.000,1.000,0.427,0.325,0.696,0.286,0.403,0.465144865,0.720
313,psc_201807_site10,32.000,0.323,0.197,0.245,0.299,0.160,0.196,0.281818923,0.301
314,psc_201807_site10,33.000,0.537,0.043,0.000,0.357,0.000,0.040,0.043495418,0.360
315,psc_201807_site10,12.000,0.007,0.002,0.000,0.007,0.000,0.002,0.001827681,0.007
316,psc_201807_site10,22.000,0.990,0.027,0.000,0.094,0.000,0.023,0.027033231,0.098
317,psc_201807_site10,25.000,0.737,0.021,0.000,0.010,0.000,0.004,0.020673772,0.026
318,psc_201807_site10,6.000,0.000,0.000,0.000,0.000,0.000,0.000,0,0.000
319,psc_201807_site10,31.000,0.022,0.001,0.000,0.000,0.000,0.000,0.000544066,0.001
320,psc_201807_site11,8.000,0.442,0.068,0.009,0.009,0.009,0.009,0.068461395,0.068461395
321,psc_201807_site11,9.000,0.304,0.167,0.008,0.056,0.008,0.045,0.166586421,0.17767676
322,psc_201807_site11,10.000,0.111,0.111,0.000,0.053,0.000,0.053,0.110738409,0.110738439
323,psc_201807_site11,16.000,0.978,0.059,0.270,0.491,0.059,0.059,0.269923383,0.491022816
324,psc_201807_site11,17.000,1.000,0.513,0.417,0.592,0.255,0.398,0.675310397,0.707703131
325,psc_201807_site11,19.000,1.000,0.080,0.132,0.356,0.020,0.079,0.191930135,0.356278874
326,psc_201807_site11,20.000,1.000,0.278,0.494,0.849,0.234,0.278,0.539063463,0.8485052
327,psc_201807_site11,21.000,0.979,0.280,0.128,0.287,0.090,0.126,0.317395874,0.441101582
328,psc_201807_site11,26.000,0.538,0.000,0.017,0.157,0.000,0.000,0.016730691,0.156791418
329,psc_201807_site11,27.000,1.000,0.611,0.819,0.963,0.611,0.611,0.819440087,0.963455191
330,psc_201807_site11,28.000,1.000,0.753,0.728,0.955,0.702,0.752,0.778125174,0.955533417
331,psc_201807_site11,29.000,1.000,0.190,0.345,0.784,0.105,0.190,0.429813481,0.784226892
332,psc_201807_site11,30.000,1.000,0.613,0.676,0.889,0.435,0.518,0.853485533,0.983719921
333,psc_201807_site11,31.000,1.000,0.832,1.000,1.000,0.832,0.832,1,1
334,psc_201807_site11,32.000,0.998,0.446,0.899,0.962,0.446,0.446,0.899259092,0.961935039
335,psc_201807_site11,33.000,0.386,0.094,0.230,0.331,0.094,0.094,0.229732548,0.330985694
336,psc_201807_site11,36.000,0.379,0.000,0.019,0.089,0.000,0.000,0.019194136,0.088529383
337,psc_201807_site11,37.000,0.999,0.391,0.617,0.915,0.388,0.391,0.621059306,0.915406281
338,psc_201807_site11,38.000,1.000,0.995,0.920,1.000,0.916,0.995,0.999557499,1
339,psc_201807_site11,39.000,1.000,0.981,0.927,0.986,0.909,0.968,1,1
340,psc_201807_site11,40.000,1.000,0.445,0.166,0.396,0.134,0.298,0.477325011,0.542916943
341,psc_201807_site11,41.000,1.000,0.345,0.418,0.731,0.299,0.333,0.464826996,0.743655584
342,psc_201807_site11,42.000,1.000,1.000,1.000,1.000,1.000,1.000,1,1
343,psc_201807_site11,43.000,0.532,0.530,0.532,0.532,0.530,0.530,0.532003161,0.532003161
344,psc_201807_site11,47.000,0.976,0.358,0.538,0.815,0.357,0.358,0.538429885,0.815476143
345,psc_201807_site11,48.000,1.000,0.941,0.620,0.867,0.617,0.860,0.944241447,0.948226686
346,psc_201807_site11,49.000,1.000,0.386,0.438,0.716,0.265,0.330,0.559253055,0.771971161
347,psc_201807_site11,50.000,1.000,0.435,0.126,0.924,0.116,0.432,0.445316394,0.926959651
348,psc_201807_site11,52.000,1.000,0.446,0.548,0.675,0.438,0.446,0.556159435,0.675205621
349,psc_201807_site11,53.000,0.678,0.671,0.678,0.678,0.671,0.671,0.678142517,0.678142517
350,psc_201807_site11,54.000,0.007,0.007,0.007,0.007,0.007,0.007,0.007013725,0.007013725
351,psc_201807_site11,58.000,1.000,0.457,0.239,0.701,0.193,0.445,0.501869975,0.712156103
352,psc_201807_site11,59.000,1.000,0.107,0.002,0.390,0.002,0.022,0.106944826,0.475032737
353,psc_201807_site11,60.000,1.000,0.466,0.611,0.920,0.407,0.466,0.670763122,0.920452915
354,psc_201807_site11,61.000,1.000,0.050,0.168,0.862,0.000,0.050,0.21815117,0.862461584
355,psc_201807_site11,62.000,1.000,0.089,0.437,0.479,0.089,0.089,0.437399344,0.478573261
356,psc_201807_site11,63.000,0.816,0.209,0.477,0.657,0.188,0.209,0.497641512,0.65717842
357,psc_201807_site11,64.000,0.049,0.040,0.049,0.049,0.040,0.040,0.049235748,0.049235748
358,psc_201807_site11,68.000,0.979,0.036,0.226,0.525,0.036,0.036,0.226296892,0.525432206
359,psc_201807_site11,69.000,1.000,0.551,0.799,0.981,0.551,0.551,0.799218655,0.980931668
360,psc_201807_site11,70.000,1.000,0.574,0.752,1.000,0.570,0.574,0.755823274,1
361,psc_201807_site11,71.000,1.000,0.891,0.997,1.000,0.891,0.891,0.99651142,1
362,psc_201807_site11,72.000,1.000,0.769,0.822,0.925,0.604,0.703,0.987319474,0.99121263
363,psc_201807_site11,73.000,0.923,0.690,0.493,0.523,0.456,0.486,0.726562185,0.726562185
364,psc_201807_site11,74.000,0.132,0.060,0.109,0.109,0.060,0.060,0.109168215,0.109168215
365,psc_201807_site11,78.000,0.758,0.024,0.075,0.101,0.003,0.003,0.095577664,0.121866525
366,psc_201807_site11,79.000,1.000,0.382,0.448,0.450,0.331,0.331,0.498401125,0.501129747
367,psc_201807_site11,80.000,1.000,0.463,0.564,0.564,0.410,0.410,0.617221843,0.617221843
368,psc_201807_site11,81.000,1.000,0.541,0.411,0.411,0.407,0.407,0.545816439,0.545816439
369,psc_201807_site11,82.000,1.000,0.298,0.315,0.315,0.268,0.268,0.345281736,0.345281736
370,psc_201807_site11,83.000,0.897,0.271,0.057,0.057,0.038,0.038,0.290118027,0.290118027
371,psc_201807_site11,6.000,0.829,0.000,0.009,0.263,0.000,0.000,0.009080908,0.263093578
372,psc_201807_site11,5.000,0.320,0.000,0.000,0.033,0.000,0.000,0,0.033341212
373,psc_201807_site11,22.000,0.376,0.000,0.000,0.001,0.000,0.000,0,0.001010149
374,psc_201807_site11,51.000,1.000,0.002,0.000,0.018,0.000,0.000,0.002430279,0.019963019
375,psc_201807_site11,67.000,0.500,0.000,0.000,0.014,0.000,0.000,0,0.013509413
376,psc_201805_site0304,1,0.046321156,0.011707882,0.024307665,0.034841544,0.011707882,0.011707882,0.024307665,0.034841544
377,psc_201805_site0304,2,0.74381654,0.118831677,0.232376359,0.232376359,0.118831456,0.118831456,0.232376359,0.232376359
378,psc_201805_site0304,3,0.885009604,0.022825429,0.145441564,0.188978939,0.022810802,0.022810802,0.145456191,0.188993566
379,psc_201805_site0304,4,0.880509631,0.000917775,0.015372522,0.241846068,0.000917775,0.000917775,0.015372522,0.241846068
380,psc_201805_site0304,5,0.965128913,0.245083139,0.230092698,0.473516573,0.197245516,0.237048003,0.277931841,0.481545628
381,psc_201805_site0304,8,0.031031235,0.009560207,0.009936695,0.015934825,0.009512317,0.009560207,0.009983254,0.015934825
382,psc_201805_site0304,9,0.985340054,0.191389781,0.291715206,0.359991196,0.174611929,0.183022484,0.308489343,0.36835463
383,psc_201805_site0304,10,1,0.940337917,0.999000413,1,0.940337917,0.940337917,0.999000413,1
384,psc_201805_site0304,11,1,0.869084169,0.968461703,0.999483971,0.869084169,0.869084169,0.968461703,0.999483971
385,psc_201805_site0304,12,1,0.694880991,0.62659333,0.859464865,0.614002581,0.694880991,0.707470755,0.859464763
386,psc_201805_site0304,13,1,0.265892428,0.258940524,0.550032341,0.232982833,0.265892428,0.291846053,0.550032341
387,psc_201805_site0304,17,1,0.838165248,0.944964708,0.999925217,0.837448586,0.838165248,0.945681611,0.999925217
388,psc_201805_site0304,18,1,1,1,1,1,1,1,1
389,psc_201805_site0304,19,1,0.859742886,0.880564382,1,0.853502688,0.859742886,0.886791006,1
390,psc_201805_site0304,20,1,0.350174162,0.223672152,0.540034645,0.222626359,0.301977693,0.3512197,0.58821957
391,psc_201805_site0304,21,0.573688376,0.136339475,0.085152364,0.282085172,0.033250359,0.115273662,0.188241479,0.303150228
392,psc_201805_site0304,23,0.999744857,0.123835719,0.252204846,0.348155768,0.122725968,0.123835719,0.253314196,0.348155768
393,psc_201805_site0304,24,1,0.738810802,0.78373108,0.990882572,0.619894903,0.738810802,0.902638578,0.990882572
394,psc_201805_site0304,25,1,0.812356758,0.629672563,0.999360359,0.604218719,0.812356758,0.837809379,0.999360359
395,psc_201805_site0304,26,1,0.073991249,0.035209752,0.381433264,0.032606333,0.064508225,0.076593979,0.39091051
396,psc_201805_site0304,29,0.893977658,0.032829781,0.066375149,0.20681047,0.027773296,0.032829781,0.071431654,0.20681047
397,psc_201805_site0304,30,0.999999953,0.853516542,0.961686283,0.998062108,0.852068719,0.852068719,0.963134107,0.999509933
398,psc_201805_site0304,31,1,0.88869988,1,1,0.88869988,0.88869988,1,1
399,psc_201805_site0304,32,1,0.711074596,0.748439873,0.921978236,0.703183492,0.711074596,0.756331021,0.921978236
400,psc_201805_site0304,37,0.613057256,0.043746296,0.032628212,0.049455497,0.018916508,0.01908256,0.057457163,0.074118507
401,psc_201805_site0304,38,0.843040155,0.362256739,0.267033538,0.569996148,0.215279599,0.310677976,0.413991499,0.621555349
402,psc_201805_site0304,39,0.986964262,0.170027973,0.151019409,0.248715618,0.133855281,0.14965228,0.187184699,0.269084968
403,psc_201805_site0304,27,0.7850679,0.000119153,0.088440959,0.233397115,0,0,0.088560066,0.233391206
404,psc_201805_site0304,36,0.315651034,0.002571527,0,0,0,0,0.002571527,0.002571527
405,psc_201805_site0304,16,0.8602375,0,0.000934519,0.08073541,0,0,0.000934519,0.08073541
406,psc_201805_site0304,34,0.847922014,0,0.01546992,0.055398955,0,0,0.01546992,0.055398955
407,psc_201805_site0304,14,0.677448927,0,0,0.005621063,0,0,0,0.005621063
408,psc_201805_site0304,22,0.615486954,0,0,0.000707654,0,0,0,0.000707654
409,psc_201805_site0304,28,0.02473196,0,0,0.007308927,0,0,0,0.007308927
410,psc_201805_site0304,33,0.739339382,0,0,0.022778741,0,0,0,0.022778741
411,psc_201805_site1314,23,1,0.217870446,0.146450561,0.429356295,0.134782,0.217870446,0.229538786,0.429356295
412,psc_201805_site1314,24,1,0.313801145,0.227571045,0.745083727,0.177501,0.311952085,0.363870997,0.746932789
413,psc_201805_site1314,25,1,0.110566847,0.281151811,0.365700843,0.109943,0.110566846,0.281775845,0.365700843
414,psc_201805_site1314,31,1,0.017941143,0.033702488,0.241074765,0.017043,0.017941144,0.034601056,0.241074765
415,psc_201805_site1314,32,1,0.942110239,0.966277888,1,0.935154,0.942110239,0.973233885,1
416,psc_201805_site1314,33,1,0.780256589,0.850190454,1,0.709841,0.780256589,0.920606015,1
417,psc_201805_site1314,34,1,0.229720501,0.44654201,0.588048243,0.20728,0.228980457,0.468982768,0.588788353
418,psc_201805_site1314,40,1,0.425219708,0.469418509,0.774544429,0.415118,0.425219708,0.479519908,0.774544429
419,psc_201805_site1314,41,1,0.974948139,1,1,0.974948,0.974948139,1,1
420,psc_201805_site1314,42,1,0.83505411,1,1,0.835054,0.83505411,1,1
421,psc_201805_site1314,43,1,0.430011376,0.543939397,0.686688701,0.430011,0.430011376,0.543939397,0.686688701
422,psc_201805_site1314,48,1,0.255731351,0.22644106,0.477547754,0.219699,0.255731351,0.262473275,0.477547754
423,psc_201805_site1314,49,1,0.988057465,0.995889914,1,0.988057,0.988057465,0.995889914,1
424,psc_201805_site1314,50,1,0.62949605,0.864881403,1,0.629422,0.62949605,0.864955064,1
425,psc_201805_site1314,51,1,0.427207391,1,1,0.427207,0.427207391,1,1
426,psc_201805_site1314,52,1,0.173234458,0.338252419,0.462805351,0.173234,0.173234412,0.338252168,0.4628051
427,psc_201805_site1314,56,0.999999793,0.217317741,0.164300292,0.409622281,0.154106,0.217317841,0.227512115,0.409622488
428,psc_201805_site1314,57,1,0.679182083,0.677462874,0.843801812,0.648049,0.679182082,0.708596308,0.843801812
429,psc_201805_site1314,58,1,0.928470736,0.94312377,1,0.9225,0.928470736,0.949095004,1
430,psc_201805_site1314,59,1,0.160459928,0.217152744,0.715614051,0.132781,0.160459928,0.244831945,0.715614051
431,psc_201805_site1314,60,1,0.501553791,0.724030472,1,0.50076,0.501553791,0.724824054,1
432,psc_201805_site1314,61,1,0.357963815,0.531432907,0.716927233,0.357964,0.357963861,0.531433158,0.716927484
433,psc_201805_site1314,65,1.000000207,0.801440993,0.725414364,0.946101892,0.663422,0.78354108,0.863433319,0.964001523
434,psc_201805_site1314,66,1,0.263460436,0.215640582,0.78897529,0.194394,0.263460437,0.284706728,0.78897529
435,psc_201805_site1314,67,1,0.507314797,0.624189277,0.830923982,0.486973,0.504993072,0.64453185,0.833245598
436,psc_201805_site1314,68,1,0.049112129,0.025037335,0.391438653,0.002516,0.044562672,0.071633596,0.3959881
437,psc_201805_site1314,69,1,0.582022109,0.731415868,1,0.581086,0.582022109,0.732351618,1
438,psc_201805_site1314,70,1,0.711580174,0.868412975,0.946606701,0.71158,0.711580174,0.868412975,0.946606701
439,psc_201805_site1314,74,0.999353857,0.166855883,0.179274242,0.313432757,0.128854,0.152225622,0.217275981,0.328063052
440,psc_201805_site1314,75,1,0.284429311,0.305376606,0.543890558,0.245874,0.282115714,0.343932221,0.546204192
441,psc_201805_site1314,77,1,0.014454506,0.055083734,0.09529058,0.012777,0.012777025,0.056761212,0.096968059
442,psc_201805_site1314,78,1,0.332937066,0.301654902,0.34030254,0.289259,0.317165038,0.345332711,0.356074656
443,psc_201805_site1314,79,1.000000065,0.617584373,0.613281858,0.667118008,0.546719,0.576115665,0.684146623,0.708586587
444,psc_201805_site1314,80,0.999999935,0.406102425,0.528799262,0.646627357,0.39959,0.40610255,0.535312347,0.646627422
445,psc_201805_site1314,88,1,0.201732317,0.165351931,0.224486809,0.162703,0.182141265,0.204381352,0.244077914
446,psc_201805_site1314,89,0.974704584,0.238296828,0.338183257,0.36271232,0.238218,0.238239887,0.338262065,0.362769267
447,psc_201805_site1314,15,1,0.419437992,0,0.5512923,0,0.282526287,0.419437992,0.688206847
448,psc_201805_site1314,22,0.953474249,0.001397918,0,0.046045054,0,0.001397918,0.001397918,0.046045054
449,psc_201805_site1314,64,0.942577441,1.45715E-05,0,0.020290928,0,1.45721E-05,1.45715E-05,0.020290928
450,psc_201805_site1314,71,1,0,0.0037852,0.177080735,0,0,0.0037852,0.177080735
451,psc_201805_site1314,6,0.806088621,0,0,0.008145755,0,0,0,0.008145755
452,psc_201805_site1314,16,0.921977413,0,0,0.076204613,0,0,0,0.076204613
453,psc_201805_site1314,39,0.99917443,0,0,0.055231367,0,0,0,0.055231367
454,psc_201805_site1314,55,0.4750285,0,0,0.013139368,0,0,0,0.013139368
455,psc_201805_site1314,76,0.910655193,0,0,0.003188327,0,0,0,0.003188327
456,psc_201805_site1314,97,0.505242837,0,0,0.055338341,0,0,0,0.055338341
457,lap_201807_site01,5,0.854266134,0.082474473,0.104236684,0.292050239,0.059667905,0.074277712,0.127043835,0.300247597
458,lap_201807_site01,10,0.999801426,0.156554941,0.215166147,0.230681392,0.147913862,0.148026466,0.223807151,0.239209786
459,lap_201807_site01,11,1,0.255669779,0.290599939,0.412933562,0.23540275,0.24642611,0.310866921,0.422177218
460,lap_201807_site01,12,1.000000282,0.445169948,0.511314595,0.748213687,0.396610817,0.442306442,0.559873004,0.751076613
461,lap_201807_site01,16,0.999999985,0.302852112,0.329607386,0.486772109,0.187854001,0.247072576,0.444605768,0.542551885
462,lap_201807_site01,17,1,0.679081663,0.737126294,0.847007785,0.636725916,0.656888062,0.779481908,0.869201548
463,lap_201807_site01,18,1,0.8103379,0.969951105,0.994252691,0.809955271,0.8103379,0.970333745,0.994252691
464,lap_201807_site01,19,1,0.295173351,0.61936104,0.793945287,0.276654818,0.294596031,0.637879578,0.794522607
465,lap_201807_site01,20,0.406561033,0.028346484,0.065239343,0.065239343,0.028346484,0.028346484,0.065239343,0.065239343
466,lap_201807_site01,23,1.000000015,0.750888527,0.725004054,0.851338039,0.650535461,0.711400878,0.825356733,0.890825229
467,lap_201807_site01,24,1,0.97713317,1,1,0.97713317,0.97713317,1,1
468,lap_201807_site01,25,1,0.726014278,0.972116292,1,0.723301539,0.726014278,0.974828983,1
469,lap_201807_site01,26,0.83055749,0.049218752,0.298909635,0.416725678,0.048792734,0.049113014,0.299335599,0.416831431
470,lap_201807_site01,27,0.035923093,0.008982412,0.019060006,0.020356766,0.008979849,0.00898242,0.019062588,0.020356766
471,lap_201807_site01,30,0.999999837,0.857675259,0.782363545,0.939283276,0.729669798,0.828706466,0.910368935,0.96825206
472,lap_201807_site01,31,0.999999762,0.995787501,0.999999881,0.999999881,0.995787521,0.995787521,1,1
473,lap_201807_site01,32,1,0.938806714,0.967828987,1,0.93290682,0.938806714,0.973728847,1
474,lap_201807_site01,33,1,0.246772069,0.330164213,0.979310491,0.244991766,0.246772079,0.331944311,0.979310322
475,lap_201807_site01,36,0.837292075,0.121425875,0.056025456,0.068100775,0.052770067,0.063363446,0.124681256,0.126163024
476,lap_201807_site01,37,1,0.966283187,0.981543329,0.981543329,0.955761173,0.955761173,0.992065195,0.992065195
477,lap_201807_site01,38,1,0.990403168,0.985286688,1,0.976910861,0.990403168,0.998779018,1
478,lap_201807_site01,39,1,0.661252801,0.604737135,0.891137946,0.583157212,0.661252801,0.68283268,0.891137946
479,lap_201807_site01,40,0.999997337,0.749974823,0.904438818,0.962733027,0.722322105,0.743933993,0.932094676,0.9687766
480,lap_201807_site01,41,1,0.550442038,0.953425868,0.985442396,0.550440987,0.550443056,0.953426868,0.98544134
481,lap_201807_site01,42,0.8054945,0.224972065,0.524480176,0.632380589,0.211150232,0.221780292,0.53830214,0.6355724
482,lap_201807_site01,43,0.69810899,0.050711878,0.02177594,0.046586686,0.019351663,0.028273513,0.053136108,0.069025241
483,lap_201807_site01,44,0.999999875,0.871084909,0.849857004,0.893404909,0.800527239,0.825570499,0.920414513,0.938919177
484,lap_201807_site01,45,1,0.736192608,0.765343092,1,0.704662341,0.736192608,0.796873212,1
485,lap_201807_site01,46,1,0.019624216,0.036313347,0.693661191,0.015866411,0.016110187,0.040071152,0.697175221
486,lap_201807_site01,47,1,0.017973824,0.002732455,0.063533448,0.001209222,0.006793944,0.019497073,0.074713362
487,lap_201807_site01,48,1,0.132144652,0.205703509,0.378133164,0.116785231,0.132144652,0.221063009,0.378133164
488,lap_201807_site01,49,0.674314051,0.06606453,0.077540472,0.347631772,0.030221075,0.064160446,0.113383902,0.3495359
489,lap_201807_site01,51,1.000000125,0.449805466,0.553669399,0.553859208,0.374408353,0.374598161,0.629066215,0.629066215
490,lap_201807_site01,52,1,0.541537794,0.826023828,0.851333983,0.540847146,0.541040426,0.826714525,0.851831373
491,lap_201807_site01,53,1,0.037119895,0.055461109,0.23678719,0.030067478,0.037119895,0.062513495,0.23678719
492,lap_201807_site01,58,0.84207058,0.095624392,0.194893547,0.194893547,0.066269313,0.066269313,0.224248676,0.224248676
493,lap_201807_site01,59,0.606348959,0.000923732,0.063280236,0.063280236,0.000923732,0.000923732,0.063280236,0.063280236
494,lap_201807_site01,29,0.442102534,0.051758053,0,0.031063597,0,0.009374353,0.051758068,0.07344721
495,lap_201807_site01,34,0.890647643,0,0.02610127,0.68366969,0,0,0.02610127,0.68366969
496,lap_201807_site01,35,0.420415264,0,0,0.16001876,0,0,0,0.16001876
497,lap_201807_site01,4,0.531846522,0.003262182,0,0,0,0,0.003262182,0.003262182
498,lap_201807_site01,22,0.414429145,0.00252534,0,0,0,0,0.00252534,0.00252534
499,lap_201807_site01,57,0.118797091,0.008723174,0,0,0,0,0.008723174,0.008723174
500,lap_2019_07_site06,17,1,0.020969652,0.003072384,0.17653676,0.001980621,0.002397584,0.022061422,0.195108829
501,lap_2019_07_site06,18,1,0.121071965,0.184013688,0.222831141,0.096374811,0.105485721,0.208710764,0.238417377
502,lap_2019_07_site06,27,0.974388933,0.059449788,0.056920442,0.075610934,0.049749257,0.054145199,0.066620969,0.080915557
503,lap_2019_07_site06,28,1,0.671039663,0.646981178,0.818143527,0.631155095,0.671039662,0.686865686,0.818143527
504,lap_2019_07_site06,29,1,0.778477769,0.94585058,0.999478794,0.776839846,0.778419703,0.947488519,0.999536861
505,lap_2019_07_site06,30,1,0.147579172,0.235491657,0.594406167,0.147304052,0.147579172,0.235766885,0.594406167
506,lap_2019_07_site06,38,0.981411254,0.031062802,0.040819583,0.040819583,0.018011565,0.018011565,0.053870817,0.053870817
507,lap_2019_07_site06,39,1.000000043,0.789494518,0.754883023,0.764602676,0.729819248,0.7395389,0.814558295,0.814558295
508,lap_2019_07_site06,40,1,0.770910414,0.90387794,0.976695131,0.76004878,0.770910414,0.914739605,0.976695131
509,lap_2019_07_site06,41,1,0.353932947,0.377814009,0.482759122,0.338412514,0.349224204,0.393334965,0.487467825
510,lap_2019_07_site06,42,1,0.149628611,0.319508124,0.329874969,0.147040817,0.147778403,0.322095837,0.331725083
511,lap_2019_07_site06,43,0.281958077,0.047402451,0.056004544,0.056004544,0.027954158,0.027954158,0.075452886,0.075452886
512,lap_2019_07_site06,48,0.997033106,0.048237376,0.013348093,0.031271131,0.003665574,0.006688643,0.057919882,0.072819914
513,lap_2019_07_site06,49,1,0.354429411,0.274524014,0.376535,0.253988242,0.297744136,0.374965139,0.433220259
514,lap_2019_07_site06,50,0.99999516,0.758544449,0.721063979,0.772618283,0.671051428,0.691664517,0.808557906,0.839499146
515,lap_2019_07_site06,51,1,0.958099381,0.987849492,0.992772734,0.958099381,0.958099381,0.987849492,0.992772734
516,lap_2019_07_site06,52,0.951086529,0.013850472,0.058943079,0.101651681,0.013850472,0.013850472,0.058943079,0.101651681
517,lap_2019_07_site06,57,0.902718739,0.005596133,0.004217256,0.004217256,0.003834242,0.003834242,0.005979145,0.005979145
518,lap_2019_07_site06,58,1,0.375493193,0.336648799,0.362347765,0.309734537,0.329497957,0.402407431,0.408342902
519,lap_2019_07_site06,59,1,0.698850585,0.828980458,0.854955502,0.649008443,0.66399165,0.878822699,0.889814447
520,lap_2019_07_site06,60,1,0.665756224,1,1,0.665756224,0.665756224,1,1
521,lap_2019_07_site06,61,1,0.934827831,1.000002399,1.000002399,0.934826889,0.934826889,1.000002399,1.000002399
522,lap_2019_07_site06,62,1,0.829201872,0.802976644,0.918067449,0.792954647,0.829188767,0.839223848,0.918080592
523,lap_2019_07_site06,68,1,0.341535609,0.250058911,0.301863978,0.230621033,0.259768065,0.360973481,0.383631534
524,lap_2019_07_site06,69,1,0.958411653,1,1,0.958411654,0.958411654,1,1
525,lap_2019_07_site06,70,1,0.386580383,1,1,0.386580384,0.386580384,1,1
526,lap_2019_07_site06,71,1,0.823625355,1,1,0.823625355,0.823625355,1,1
527,lap_2019_07_site06,72,1,0.85596181,1,1,0.85596181,0.85596181,1,1
528,lap_2019_07_site06,73,1,0.285715412,0.238486903,0.519936918,0.211837623,0.285648996,0.312364648,0.520003337
529,lap_2019_07_site06,79,0.956573797,0.076139711,0.015681979,0.092037094,0.014704422,0.068066333,0.077117259,0.100110612
530,lap_2019_07_site06,80,1,0.835273724,0.782999196,0.884899421,0.72131479,0.808447583,0.896958038,0.911725358
531,lap_2019_07_site06,81,1,0.930449007,0.959831686,0.999999638,0.902203734,0.930449007,0.988077185,0.999999638
532,lap_2019_07_site06,82,1,0.687856622,0.613634335,0.876362748,0.560572044,0.687856622,0.740918936,0.876362748
533,lap_2019_07_site06,83,1,0.094175137,0.425517462,0.462134665,0.092003453,0.093718604,0.42768916,0.462591213
534,lap_2019_07_site06,84,0.930931909,0.00106968,0.00364401,0.011498604,0.00106968,0.00106968,0.00364401,0.011498604
535,lap_2019_07_site06,91,1,0.075484314,0.015679355,0.116289224,0.015679355,0.07126675,0.075484314,0.12050699
536,lap_2019_07_site06,92,0.99803125,0.087244525,0.006422818,0.075793832,0.006422818,0.067340557,0.087244525,0.095697679
537,lap_2019_07_site06,53,0.815677443,0,0.022370312,0.022370312,0,0,0.022370312,0.022370312
538,lap_2019_07_site06,63,0.903150134,0,0.001758514,0.02488691,0,0,0.001758514,0.02488691
539,lap_2019_07_site06,19,0.671969217,0,0,0.018418831,0,0,0,0.018418831
540,lap_2019_07_site06,46,0.102111368,0,0,0.004462124,0,0,0,0.004462124
541,lap_2019_07_site06,47,0.648498395,0,0,0.056979935,0,0,0,0.056979935
542,lap_2019_07_site06,16,0.421449695,0.00576013,0,0,0,0,0.005760131,0.005760131
,,,,,,,,,,
,,,,,,,,,,